case_id,pair_id,source_type,source_name,channel_id,condition_eligible,candidate_time,window_start,window_end,signal_key,hidden_reference_status,hidden_case_category,hidden_disagreement_type,hidden_expected_recommendation,reference_interval_start,reference_interval_end,peak_height,prominence,local_noise,detectability,weber_boundary,weber_margin,stability,stability_runs,stability_hits,parameter_robustness,parameter_runs,parameter_hits,width_samples,nearest_distance_samples,separation_width_ratio,overlap_flag,duplicate_risk,baseline_drift_score,segment_boundary_distance,evidence_agreement,algorithmic_recommendation,provenance_json,explanation_trial_eligible,pilot_ready
REAL-001,REA-PAIR-07,real,chromatograms.h5,1607,baseline|peakaboo|peakaboo_recommendation,4.53000020980835,4.230000019073486,4.829999923706055,REAL-001,supported,parameter_sensitive,unfavorable_algorithm_vs_supported_reference,Reject,4.505,4.54166666666667,0.05504854954779148,0.0004176981747150421,3.483447891200764e-05,11.990940463878125,15.96,-3.9690595361218755,1.0,30,30,0.45,20,9,7.700217665511474,51.0,6.623189397414574,False,Low,0.21752617284726689,180,Conflict detected,Reject,"{""detector_version"": ""peakaboo-study-1.0"", ""matching_tolerance_samples"": 8, ""minimum_distance"": 22, ""noise_window"": 51, ""perturbation_noise_model"": ""Normal(0, local_sigma * scale)"", ""perturbation_runs"": 30, ""perturbation_scale"": 0.55, ""prominence_floor"": 0.00018, ""segment_overlap_points"": 100, ""segment_points"": 500, ""smooth_window"": 2, ""smoothing_method"": ""moving_average"", ""source_label_file"": ""peak_df.xlsx"", ""source_peak_index"": 2718, ""source_time_range"": [0.0, 13.0], ""weber_boundary"": 15.96}",True,True
REAL-002,REA-PAIR-01,real,chromatograms.h5,3328,baseline|peakaboo|peakaboo_recommendation,3.931666612625122,3.631666660308838,4.231666564941406,REAL-002,supported,baseline_drift,unfavorable_algorithm_vs_supported_reference,Reject,3.905,3.94833333333332,0.024673600681126118,0.0004499005153775215,3.709081137815295e-05,12.129702385341112,15.96,-3.830297614658889,0.9333333333333333,30,28,0.6,20,12,9.184131004201049,66.0,7.186308641482788,False,Low,0.2889976482231917,180,Mostly consistent,Reject,"{""detector_version"": ""peakaboo-study-1.0"", ""matching_tolerance_samples"": 8, ""minimum_distance"": 22, ""noise_window"": 51, ""perturbation_noise_model"": ""Normal(0, local_sigma * scale)"", ""perturbation_runs"": 30, ""perturbation_scale"": 0.55, ""prominence_floor"": 0.00018, ""segment_overlap_points"": 100, ""segment_points"": 500, ""smooth_window"": 2, ""smoothing_method"": ""moving_average"", ""source_label_file"": ""peak_df.xlsx"", ""source_peak_index"": 2359, ""source_time_range"": [0.0, 13.0], ""weber_boundary"": 15.96}",True,True
REAL-003,REA-PAIR-08,real,chromatograms.h5,3419,baseline|peakaboo|peakaboo_recommendation,0.006666666828095913,0.0,0.30666667222976685,REAL-003,unsupported,stable_unsupported,detectability_vs_stability,Reject,,,0.0005473000055644661,0.0004923000051348936,4.054113116816314e-05,12.14322291476348,15.96,-3.81677708523652,1.0,30,30,0.35,20,7,4.74964561420398,11.0,2.315962261922051,False,Low,0.22127354120564902,4,Conflict detected,Reject,"{""detector_version"": ""peakaboo-study-1.0"", ""matching_tolerance_samples"": 8, ""minimum_distance"": 22, ""noise_window"": 51, ""perturbation_noise_model"": ""Normal(0, local_sigma * scale)"", ""perturbation_runs"": 30, ""perturbation_scale"": 0.55, ""prominence_floor"": 0.00018, ""segment_overlap_points"": 100, ""segment_points"": 500, ""smooth_window"": 2, ""smoothing_method"": ""moving_average"", ""source_label_file"": ""peak_df.xlsx"", ""source_peak_index"": 4, ""source_time_range"": [0.0, 13.0], ""weber_boundary"": 15.96}",True,True
REAL-004,REA-PAIR-01,real,chromatograms.h5,1710,baseline|peakaboo|peakaboo_recommendation,3.861666679382324,3.56166672706604,4.1616668701171875,REAL-004,supported,baseline_drift,unfavorable_algorithm_vs_supported_reference,Reject,3.81833333333333,3.89166666666666,0.04378709942102432,0.0002234000712633133,1.827868731656571e-05,12.22188744587592,15.96,-3.738112554124081,1.0,30,30,0.6,20,12,15.085797202829923,61.0,4.0435383811574175,False,Low,0.3123309341610479,180,Mostly consistent,Reject,"{""detector_version"": ""peakaboo-study-1.0"", ""matching_tolerance_samples"": 8, ""minimum_distance"": 22, ""noise_window"": 51, ""perturbation_noise_model"": ""Normal(0, local_sigma * scale)"", ""perturbation_runs"": 30, ""perturbation_scale"": 0.55, ""prominence_floor"": 0.00018, ""segment_overlap_points"": 100, ""segment_points"": 500, ""smooth_window"": 2, ""smoothing_method"": ""moving_average"", ""source_label_file"": ""peak_df.xlsx"", ""source_peak_index"": 2317, ""source_time_range"": [0.0, 13.0], ""weber_boundary"": 15.96}",True,True
REAL-005,REA-PAIR-10,real,chromatograms.h5,3273,baseline|peakaboo|peakaboo_recommendation,4.568333148956299,4.268333435058594,4.868333339691162,REAL-005,unsupported,stable_unsupported,favorable_algorithm_vs_unsupported_reference,Accept,,,-0.09245245158672333,0.0009205490350723267,2.9245366225998062e-06,314.7673765448066,15.96,298.80737654480663,1.0,30,30,1.0,20,20,206.6469141502543,inf,inf,False,Low,0.1258598177294443,180,Consistent,Accept,"{""detector_version"": ""peakaboo-study-1.0"", ""matching_tolerance_samples"": 8, ""minimum_distance"": 22, ""noise_window"": 51, ""perturbation_noise_model"": ""Normal(0, local_sigma * scale)"", ""perturbation_runs"": 30, ""perturbation_scale"": 0.55, ""prominence_floor"": 0.00018, ""segment_overlap_points"": 100, ""segment_points"": 500, ""smooth_window"": 2, ""smoothing_method"": ""moving_average"", ""source_label_file"": ""peak_df.xlsx"", ""source_peak_index"": 2741, ""source_time_range"": [0.0, 13.0], ""weber_boundary"": 15.96}",True,True
REAL-006,REA-PAIR-12,real,chromatograms.h5,3443,baseline|peakaboo|peakaboo_recommendation,9.106666564941406,8.806666374206543,9.40666675567627,REAL-006,unsupported,stable_unsupported,favorable_algorithm_vs_unsupported_reference,Accept,,,0.049518950283527374,0.006287001073360443,6.687991361085917e-06,940.0431002196352,15.96,924.0831002196352,1.0,30,30,1.0,20,20,172.48692492099008,inf,inf,False,Low,0.06561955910786636,180,Consistent,Accept,"{""detector_version"": ""peakaboo-study-1.0"", ""matching_tolerance_samples"": 8, ""minimum_distance"": 22, ""noise_window"": 51, ""perturbation_noise_model"": ""Normal(0, local_sigma * scale)"", ""perturbation_runs"": 30, ""perturbation_scale"": 0.55, ""prominence_floor"": 0.00018, ""segment_overlap_points"": 100, ""segment_points"": 500, ""smooth_window"": 2, ""smoothing_method"": ""moving_average"", ""source_label_file"": ""peak_df.xlsx"", ""source_peak_index"": 5464, ""source_time_range"": [0.0, 13.0], ""weber_boundary"": 15.96}",True,True
REAL-007,REA-PAIR-12,real,chromatograms.h5,3328,baseline|peakaboo|peakaboo_recommendation,9.104999542236328,8.805000305175781,9.404999732971191,REAL-007,unsupported,stable_unsupported,favorable_algorithm_vs_unsupported_reference,Accept,,,0.04961379989981651,0.006073649972677231,6.637498852663537e-06,915.0508636531207,15.96,899.0908636531207,1.0,30,30,1.0,20,20,167.22217501167884,inf,inf,False,Low,0.05873883887271165,180,Consistent,Accept,"{""detector_version"": ""peakaboo-study-1.0"", ""matching_tolerance_samples"": 8, ""minimum_distance"": 22, ""noise_window"": 51, ""perturbation_noise_model"": ""Normal(0, local_sigma * scale)"", ""perturbation_runs"": 30, ""perturbation_scale"": 0.55, ""prominence_floor"": 0.00018, ""segment_overlap_points"": 100, ""segment_points"": 500, ""smooth_window"": 2, ""smoothing_method"": ""moving_average"", ""source_label_file"": ""peak_df.xlsx"", ""source_peak_index"": 5463, ""source_time_range"": [0.0, 13.0], ""weber_boundary"": 15.96}",True,True
REAL-008,REA-PAIR-11,real,chromatograms.h5,3394,baseline|peakaboo|peakaboo_recommendation,9.09666633605957,8.796667098999023,9.396666526794434,REAL-008,unsupported,stable_unsupported,favorable_algorithm_vs_unsupported_reference,Accept,,,0.04891270026564598,0.005921449512243271,6.480631870265191e-06,913.7146989783055,15.96,897.7546989783054,1.0,30,30,1.0,20,20,169.27948659236344,inf,inf,False,Low,0.022405477825500383,180,Consistent,Accept,"{""detector_version"": ""peakaboo-study-1.0"", ""matching_tolerance_samples"": 8, ""minimum_distance"": 22, ""noise_window"": 51, ""perturbation_noise_model"": ""Normal(0, local_sigma * scale)"", ""perturbation_runs"": 30, ""perturbation_scale"": 0.55, ""prominence_floor"": 0.00018, ""segment_overlap_points"": 100, ""segment_points"": 500, ""smooth_window"": 2, ""smoothing_method"": ""moving_average"", ""source_label_file"": ""peak_df.xlsx"", ""source_peak_index"": 5458, ""source_time_range"": [0.0, 13.0], ""weber_boundary"": 15.96}",True,True
REAL-009,REA-PAIR-04,real,chromatograms.h5,1519,baseline|peakaboo|peakaboo_recommendation,5.085000038146973,4.784999847412109,5.385000228881836,REAL-009,supported,parameter_sensitive,unfavorable_algorithm_vs_supported_reference,Reject,5.07666666666667,5.12666666666667,0.11904754862189293,0.0002934969961643219,0.0007390703568572006,0.3971164491230075,15.96,-15.562883550876993,0.8666666666666667,30,26,0.25,20,5,4.674651810260656,45.0,9.626385413610265,False,Low,0.4100852055625674,180,Conflict detected,Reject,"{""detector_version"": ""peakaboo-study-1.0"", ""matching_tolerance_samples"": 8, ""minimum_distance"": 22, ""noise_window"": 51, ""perturbation_noise_model"": ""Normal(0, local_sigma * scale)"", ""perturbation_runs"": 30, ""perturbation_scale"": 0.55, ""prominence_floor"": 0.00018, ""segment_overlap_points"": 100, ""segment_points"": 500, ""smooth_window"": 2, ""smoothing_method"": ""moving_average"", ""source_label_file"": ""peak_df.xlsx"", ""source_peak_index"": 3051, ""source_time_range"": [0.0, 13.0], ""weber_boundary"": 15.96}",True,True
REAL-010,REA-PAIR-03,real,chromatograms.h5,1589,baseline|peakaboo|peakaboo_recommendation,5.0883331298828125,4.788333415985107,5.388333320617676,REAL-010,supported,parameter_sensitive,unfavorable_algorithm_vs_supported_reference,Reject,5.07833333333333,5.13333333333332,0.11923544853925705,0.0002648979425430298,0.0006327933386820181,0.4186168310117524,15.96,-15.541383168988249,0.6333333333333333,30,19,0.25,20,5,4.770771948798227,47.0,9.851655141855911,False,Low,0.392670140777039,180,Mostly consistent,Reject,"{""detector_version"": ""peakaboo-study-1.0"", ""matching_tolerance_samples"": 8, ""minimum_distance"": 22, ""noise_window"": 51, ""perturbation_noise_model"": ""Normal(0, local_sigma * scale)"", ""perturbation_runs"": 30, ""perturbation_scale"": 0.55, ""prominence_floor"": 0.00018, ""segment_overlap_points"": 100, ""segment_points"": 500, ""smooth_window"": 2, ""smoothing_method"": ""moving_average"", ""source_label_file"": ""peak_df.xlsx"", ""source_peak_index"": 3053, ""source_time_range"": [0.0, 13.0], ""weber_boundary"": 15.96}",True,True
REAL-011,REA-PAIR-04,real,chromatograms.h5,1601,baseline|peakaboo|peakaboo_recommendation,5.0883331298828125,4.788333415985107,5.388333320617676,REAL-011,supported,parameter_sensitive,unfavorable_algorithm_vs_supported_reference,Reject,5.07833333333333,5.13,0.12522849440574646,0.000378195196390152,0.0007118761444532252,0.53126544386365,15.96,-15.428734556136352,0.8333333333333334,30,25,0.25,20,5,5.550188364242132,43.0,7.747484801963396,False,Low,0.3882343007033383,180,Conflict detected,Reject,"{""detector_version"": ""peakaboo-study-1.0"", ""matching_tolerance_samples"": 8, ""minimum_distance"": 22, ""noise_window"": 51, ""perturbation_noise_model"": ""Normal(0, local_sigma * scale)"", ""perturbation_runs"": 30, ""perturbation_scale"": 0.55, ""prominence_floor"": 0.00018, ""segment_overlap_points"": 100, ""segment_points"": 500, ""smooth_window"": 2, ""smoothing_method"": ""moving_average"", ""source_label_file"": ""peak_df.xlsx"", ""source_peak_index"": 3053, ""source_time_range"": [0.0, 13.0], ""weber_boundary"": 15.96}",True,True
REAL-012,REA-PAIR-05,real,chromatograms.h5,1680,baseline|peakaboo|peakaboo_recommendation,4.388333320617676,4.0883331298828125,4.688333511352539,REAL-012,supported,parameter_sensitive,unfavorable_algorithm_vs_supported_reference,Reject,4.375,4.40166666666667,0.05217774957418442,0.00018079951405525208,0.00032846553773219965,0.5504367817491479,15.96,-15.409563218250852,0.9333333333333333,30,28,0.25,20,5,9.02324277681197,26.0,2.881447462193425,False,Low,0.20381533631268922,180,Conflict detected,Reject,"{""detector_version"": ""peakaboo-study-1.0"", ""matching_tolerance_samples"": 8, ""minimum_distance"": 22, ""noise_window"": 51, ""perturbation_noise_model"": ""Normal(0, local_sigma * scale)"", ""perturbation_runs"": 30, ""perturbation_scale"": 0.55, ""prominence_floor"": 0.00018, ""segment_overlap_points"": 100, ""segment_points"": 500, ""smooth_window"": 2, ""smoothing_method"": ""moving_average"", ""source_label_file"": ""peak_df.xlsx"", ""source_peak_index"": 2633, ""source_time_range"": [0.0, 13.0], ""weber_boundary"": 15.96}",True,True
REAL-013,REA-PAIR-11,real,chromatograms.h5,3273,baseline|peakaboo|peakaboo_recommendation,9.108333587646484,8.808333396911621,9.408333778381348,REAL-013,unsupported,stable_unsupported,favorable_algorithm_vs_unsupported_reference,Accept,,,-0.09291690215468407,0.0051068998873233795,6.613608378612171e-06,772.1804532089002,15.96,756.2204532089002,1.0,30,30,1.0,20,20,157.59081211861945,inf,inf,False,Low,0.014443476475855558,180,Consistent,Accept,"{""detector_version"": ""peakaboo-study-1.0"", ""matching_tolerance_samples"": 8, ""minimum_distance"": 22, ""noise_window"": 51, ""perturbation_noise_model"": ""Normal(0, local_sigma * scale)"", ""perturbation_runs"": 30, ""perturbation_scale"": 0.55, ""prominence_floor"": 0.00018, ""segment_overlap_points"": 100, ""segment_points"": 500, ""smooth_window"": 2, ""smoothing_method"": ""moving_average"", ""source_label_file"": ""peak_df.xlsx"", ""source_peak_index"": 5465, ""source_time_range"": [0.0, 13.0], ""weber_boundary"": 15.96}",True,True
REAL-014,REA-PAIR-10,real,chromatograms.h5,2190,baseline|peakaboo|peakaboo_recommendation,0.12333333492279053,0.0,0.4233333468437195,REAL-014,unsupported,stable_unsupported,none,Reject,,,-0.0005525500164367259,0.00030239997431635857,4.156647393207228e-06,72.75091509075892,15.96,56.79091509075892,0.9666666666666667,30,29,1.0,20,20,149.3796297441046,61.0,0.40835554422310666,True,High,0.2443975149045404,74,Mostly consistent,Reject,"{""detector_version"": ""peakaboo-study-1.0"", ""matching_tolerance_samples"": 8, ""minimum_distance"": 22, ""noise_window"": 51, ""perturbation_noise_model"": ""Normal(0, local_sigma * scale)"", ""perturbation_runs"": 30, ""perturbation_scale"": 0.55, ""prominence_floor"": 0.00018, ""segment_overlap_points"": 100, ""segment_points"": 500, ""smooth_window"": 2, ""smoothing_method"": ""moving_average"", ""source_label_file"": ""peak_df.xlsx"", ""source_peak_index"": 74, ""source_time_range"": [0.0, 13.0], ""weber_boundary"": 15.96}",True,True
REAL-015,REA-PAIR-09,real,chromatograms.h5,1385,baseline|peakaboo|peakaboo_recommendation,0.6200000047683716,0.3199999928474426,0.9200000166893005,REAL-015,unsupported,stable_unsupported,none,Defer,,,0.0013863499625585973,0.0004213499487377703,6.800243434264421e-06,61.96100049208709,15.96,46.00100049208709,1.0,30,30,1.0,20,20,59.112972077072556,64.0,1.0826726816671584,True,Moderate,0.1098651993264942,180,Mostly consistent,Defer,"{""detector_version"": ""peakaboo-study-1.0"", ""matching_tolerance_samples"": 8, ""minimum_distance"": 22, ""noise_window"": 51, ""perturbation_noise_model"": ""Normal(0, local_sigma * scale)"", ""perturbation_runs"": 30, ""perturbation_scale"": 0.55, ""prominence_floor"": 0.00018, ""segment_overlap_points"": 100, ""segment_points"": 500, ""smooth_window"": 2, ""smoothing_method"": ""moving_average"", ""source_label_file"": ""peak_df.xlsx"", ""source_peak_index"": 372, ""source_time_range"": [0.0, 13.0], ""weber_boundary"": 15.96}",True,True
REAL-016,REA-PAIR-09,real,chromatograms.h5,1340,baseline|peakaboo|peakaboo_recommendation,0.31166666746139526,0.011666666716337204,0.6116666793823242,REAL-016,unsupported,stable_unsupported,none,Defer,,,0.00029320000612642616,0.000191550007002661,3.7969028039969185e-06,50.44900184224327,15.96,34.48900184224327,0.9333333333333333,30,28,0.75,20,15,98.71586056224676,106.0,1.0737889473511717,True,Moderate,0.30687268554492875,180,Mostly consistent,Defer,"{""detector_version"": ""peakaboo-study-1.0"", ""matching_tolerance_samples"": 8, ""minimum_distance"": 22, ""noise_window"": 51, ""perturbation_noise_model"": ""Normal(0, local_sigma * scale)"", ""perturbation_runs"": 30, ""perturbation_scale"": 0.55, ""prominence_floor"": 0.00018, ""segment_overlap_points"": 100, ""segment_points"": 500, ""smooth_window"": 2, ""smoothing_method"": ""moving_average"", ""source_label_file"": ""peak_df.xlsx"", ""source_peak_index"": 187, ""source_time_range"": [0.0, 13.0], ""weber_boundary"": 15.96}",True,True
REAL-017,REA-PAIR-05,real,chromatograms.h5,1316,baseline|peakaboo|peakaboo_recommendation,3.321666717529297,3.0216667652130127,3.621666669845581,REAL-017,supported,parameter_sensitive,unfavorable_algorithm_vs_supported_reference,Reject,3.19833333333332,3.34,0.04277705028653145,0.0008847992867231369,0.00012945254203518101,6.8349316744026964,15.96,-9.125068325597304,1.0,30,30,0.35,20,7,7.604005163734854,31.0,4.076798914846311,False,Low,0.6175206529604194,180,Conflict detected,Reject,"{""detector_version"": ""peakaboo-study-1.0"", ""matching_tolerance_samples"": 8, ""minimum_distance"": 22, ""noise_window"": 51, ""perturbation_noise_model"": ""Normal(0, local_sigma * scale)"", ""perturbation_runs"": 30, ""perturbation_scale"": 0.55, ""prominence_floor"": 0.00018, ""segment_overlap_points"": 100, ""segment_points"": 500, ""smooth_window"": 2, ""smoothing_method"": ""moving_average"", ""source_label_file"": ""peak_df.xlsx"", ""source_peak_index"": 1993, ""source_time_range"": [0.0, 13.0], ""weber_boundary"": 15.96}",True,True
REAL-018,REA-PAIR-06,real,chromatograms.h5,1322,baseline|peakaboo|peakaboo_recommendation,3.319999933242798,3.0199999809265137,3.619999885559082,REAL-018,supported,parameter_sensitive,unfavorable_algorithm_vs_supported_reference,Reject,3.20666666666666,3.33833333333333,0.04290430061519146,0.000929100438952446,0.00013539639470731027,6.862076601809293,15.96,-9.097923398190709,1.0,30,30,0.35,20,7,8.155552754131435,31.0,3.8010912239266723,False,Low,0.6166086303966679,180,Conflict detected,Reject,"{""detector_version"": ""peakaboo-study-1.0"", ""matching_tolerance_samples"": 8, ""minimum_distance"": 22, ""noise_window"": 51, ""perturbation_noise_model"": ""Normal(0, local_sigma * scale)"", ""perturbation_runs"": 30, ""perturbation_scale"": 0.55, ""prominence_floor"": 0.00018, ""segment_overlap_points"": 100, ""segment_points"": 500, ""smooth_window"": 2, ""smoothing_method"": ""moving_average"", ""source_label_file"": ""peak_df.xlsx"", ""source_peak_index"": 1992, ""source_time_range"": [0.0, 13.0], ""weber_boundary"": 15.96}",True,True
REAL-019,REA-PAIR-06,real,chromatograms.h5,1310,baseline|peakaboo|peakaboo_recommendation,3.318333387374878,3.0183334350585938,3.618333339691162,REAL-019,supported,parameter_sensitive,unfavorable_algorithm_vs_supported_reference,Reject,3.2,3.33666666666666,0.04391160048544407,0.0011300500482320786,0.00014126721193277606,7.999379507613195,15.96,-7.960620492386806,1.0,30,30,0.4,20,8,8.257464579397833,29.0,3.511973889946107,False,Low,0.6135767405254524,180,Conflict detected,Reject,"{""detector_version"": ""peakaboo-study-1.0"", ""matching_tolerance_samples"": 8, ""minimum_distance"": 22, ""noise_window"": 51, ""perturbation_noise_model"": ""Normal(0, local_sigma * scale)"", ""perturbation_runs"": 30, ""perturbation_scale"": 0.55, ""prominence_floor"": 0.00018, ""segment_overlap_points"": 100, ""segment_points"": 500, ""smooth_window"": 2, ""smoothing_method"": ""moving_average"", ""source_label_file"": ""peak_df.xlsx"", ""source_peak_index"": 1991, ""source_time_range"": [0.0, 13.0], ""weber_boundary"": 15.96}",True,True
REAL-020,REA-PAIR-07,real,chromatograms.h5,1286,baseline|peakaboo|peakaboo_recommendation,3.309999942779541,3.009999990463257,3.609999895095825,REAL-020,supported,parameter_sensitive,unfavorable_algorithm_vs_supported_reference,Reject,3.195,3.32833333333332,0.04654734954237938,0.0013386495411396027,0.00016691717990378917,8.019842738125313,15.96,-7.940157261874688,1.0,30,30,0.45,20,9,8.17109545522797,29.0,3.5490957312762066,False,Low,0.6126000624072119,180,Conflict detected,Reject,"{""detector_version"": ""peakaboo-study-1.0"", ""matching_tolerance_samples"": 8, ""minimum_distance"": 22, ""noise_window"": 51, ""perturbation_noise_model"": ""Normal(0, local_sigma * scale)"", ""perturbation_runs"": 30, ""perturbation_scale"": 0.55, ""prominence_floor"": 0.00018, ""segment_overlap_points"": 100, ""segment_points"": 500, ""smooth_window"": 2, ""smoothing_method"": ""moving_average"", ""source_label_file"": ""peak_df.xlsx"", ""source_peak_index"": 1986, ""source_time_range"": [0.0, 13.0], ""weber_boundary"": 15.96}",True,True
REAL-021,REA-PAIR-02,real,chromatograms.h5,1385,baseline|peakaboo|peakaboo_recommendation,3.881666660308838,3.5816667079925537,4.181666851043701,REAL-021,supported,baseline_drift,none,Accept,3.875,8.42333333333333,0.30622975528240204,0.00949464738368988,7.957423288304381e-06,1193.1809891857683,15.96,1177.2209891857683,1.0,30,30,1.0,20,20,259.44995385636236,inf,inf,False,Low,0.25196009084682175,180,Consistent,Accept,"{""detector_version"": ""peakaboo-study-1.0"", ""matching_tolerance_samples"": 8, ""minimum_distance"": 22, ""noise_window"": 51, ""perturbation_noise_model"": ""Normal(0, local_sigma * scale)"", ""perturbation_runs"": 30, ""perturbation_scale"": 0.55, ""prominence_floor"": 0.00018, ""segment_overlap_points"": 100, ""segment_points"": 500, ""smooth_window"": 2, ""smoothing_method"": ""moving_average"", ""source_label_file"": ""peak_df.xlsx"", ""source_peak_index"": 2329, ""source_time_range"": [0.0, 13.0], ""weber_boundary"": 15.96}",True,True
REAL-022,REA-PAIR-02,real,chromatograms.h5,1286,baseline|peakaboo|peakaboo_recommendation,3.4216666221618652,3.121666669845581,3.7216665744781494,REAL-022,supported,overlap_or_duplicate,unfavorable_algorithm_vs_supported_reference,Reject,3.40333333333332,3.445,0.053244199603796005,0.010415099561214447,8.552427526478783e-05,121.77945275992434,15.96,105.81945275992433,1.0,30,30,1.0,20,20,81.98886250806603,38.0,0.4634775850959217,True,High,0.010587683946053921,180,Mostly consistent,Reject,"{""detector_version"": ""peakaboo-study-1.0"", ""matching_tolerance_samples"": 8, ""minimum_distance"": 22, ""noise_window"": 51, ""perturbation_noise_model"": ""Normal(0, local_sigma * scale)"", ""perturbation_runs"": 30, ""perturbation_scale"": 0.55, ""prominence_floor"": 0.00018, ""segment_overlap_points"": 100, ""segment_points"": 500, ""smooth_window"": 2, ""smoothing_method"": ""moving_average"", ""source_label_file"": ""peak_df.xlsx"", ""source_peak_index"": 2053, ""source_time_range"": [0.0, 13.0], ""weber_boundary"": 15.96}",True,True
REAL-023,REA-PAIR-08,real,chromatograms.h5,1595,baseline|peakaboo|peakaboo_recommendation,0.44999998807907104,0.15000000596046448,0.75,REAL-023,unsupported,stable_unsupported,detectability_vs_stability,Reject,,,0.0006419999990612268,0.0007095000000845175,0.027432382935843585,0.025863593466086028,15.96,-15.934136406533915,0.8,30,24,0.25,20,5,3.648871268161514,23.0,6.303319111498435,False,Low,0.03896021595105735,180,Conflict detected,Reject,"{""detector_version"": ""peakaboo-study-1.0"", ""matching_tolerance_samples"": 8, ""minimum_distance"": 22, ""noise_window"": 51, ""perturbation_noise_model"": ""Normal(0, local_sigma * scale)"", ""perturbation_runs"": 30, ""perturbation_scale"": 0.55, ""prominence_floor"": 0.00018, ""segment_overlap_points"": 100, ""segment_points"": 500, ""smooth_window"": 2, ""smoothing_method"": ""moving_average"", ""source_label_file"": ""peak_df.xlsx"", ""source_peak_index"": 270, ""source_time_range"": [0.0, 13.0], ""weber_boundary"": 15.96}",True,True
REAL-024,REA-PAIR-03,real,chromatograms.h5,1440,baseline|peakaboo|peakaboo_recommendation,0.4483333230018616,0.1483333259820938,0.7483333349227905,REAL-024,unsupported,parameter_sensitive,none,Reject,,,0.0006987999950069934,0.0007255999953486025,0.02748442057480982,0.026400410856295558,15.96,-15.933599589143705,0.6666666666666666,30,20,0.25,20,5,3.7220082792462392,23.0,6.179459655758164,False,Low,0.03953514605450589,180,Mostly consistent,Reject,"{""detector_version"": ""peakaboo-study-1.0"", ""matching_tolerance_samples"": 8, ""minimum_distance"": 22, ""noise_window"": 51, ""perturbation_noise_model"": ""Normal(0, local_sigma * scale)"", ""perturbation_runs"": 30, ""perturbation_scale"": 0.55, ""prominence_floor"": 0.00018, ""segment_overlap_points"": 100, ""segment_points"": 500, ""smooth_window"": 2, ""smoothing_method"": ""moving_average"", ""source_label_file"": ""peak_df.xlsx"", ""source_peak_index"": 269, ""source_time_range"": [0.0, 13.0], ""weber_boundary"": 15.96}",True,True
SYN-001,SYN-PAIR-02,synthetic,generated_demo,synthetic_1,baseline|peakaboo|peakaboo_recommendation,10.02,8.0,12.0,SYN-001,supported,clear_supported,none,Accept,9.86,10.16,0.06873643795848612,0.019594799571323387,0.0006056598071741659,32.35281474330328,15.96,16.392814743303276,1.0,30,30,1.0,20,20,28.73283307756043,inf,inf,False,Low,0.0004949518467596727,198,Consistent,Accept,"{""detector_version"": ""peakaboo-study-1.0"", ""matching_tolerance_samples"": 6, ""minimum_distance"": 22, ""noise_window"": 51, ""perturbation_noise_model"": ""Normal(0, local_sigma * scale)"", ""perturbation_runs"": 30, ""perturbation_scale"": 0.55, ""prominence_floor"": 0.00018, ""segment_overlap_points"": 100, ""segment_points"": 500, ""smooth_window"": 2, ""smoothing_method"": ""moving_average"", ""synthetic_category"": ""clear_supported"", ""synthetic_replicate"": 1, ""weber_boundary"": 15.96}",False,True
SYN-002,SYN-PAIR-02,synthetic,generated_demo,synthetic_2,baseline|peakaboo|peakaboo_recommendation,10.04,8.0,12.0,SYN-002,supported,clear_supported,none,Accept,9.89,10.19,0.06883654541663384,0.019336218919202244,0.0007839955617470781,24.66368413036571,15.96,8.703684130365708,1.0,30,30,1.0,20,20,27.985745806693615,inf,inf,False,Low,0.005499709721194754,196,Consistent,Accept,"{""detector_version"": ""peakaboo-study-1.0"", ""matching_tolerance_samples"": 6, ""minimum_distance"": 22, ""noise_window"": 51, ""perturbation_noise_model"": ""Normal(0, local_sigma * scale)"", ""perturbation_runs"": 30, ""perturbation_scale"": 0.55, ""prominence_floor"": 0.00018, ""segment_overlap_points"": 100, ""segment_points"": 500, ""smooth_window"": 2, ""smoothing_method"": ""moving_average"", ""synthetic_category"": ""clear_supported"", ""synthetic_replicate"": 2, ""weber_boundary"": 15.96}",False,True
SYN-003,SYN-PAIR-03,synthetic,generated_demo,synthetic_3,baseline|peakaboo|peakaboo_recommendation,10.01,8.0,12.0,SYN-003,unsupported,clear_unsupported,detectability_vs_stability,Defer,,,0.059915764741389405,0.011236106521133396,0.0009033431802272022,12.438358704240192,15.96,-3.5216412957598084,1.0,30,30,0.8,20,16,6.1301587077009,22.0,3.588814099113437,False,Low,0.012890804764908757,199,Mostly consistent,Defer,"{""detector_version"": ""peakaboo-study-1.0"", ""matching_tolerance_samples"": 6, ""minimum_distance"": 22, ""noise_window"": 51, ""perturbation_noise_model"": ""Normal(0, local_sigma * scale)"", ""perturbation_runs"": 30, ""perturbation_scale"": 0.55, ""prominence_floor"": 0.00018, ""segment_overlap_points"": 100, ""segment_points"": 500, ""smooth_window"": 2, ""smoothing_method"": ""moving_average"", ""synthetic_category"": ""clear_unsupported"", ""synthetic_rationale"": ""strong instrument-like spike without a reference interval"", ""synthetic_replicate"": 1, ""weber_boundary"": 15.96}",True,True
SYN-004,SYN-PAIR-03,synthetic,generated_demo,synthetic_4,baseline|peakaboo|peakaboo_recommendation,10.04,8.0,12.0,SYN-004,unsupported,clear_unsupported,detectability_vs_stability,Defer,,,0.05900335620913598,0.010311490070162611,0.0008194288075372576,12.58375341790753,15.96,-3.3762465820924703,1.0,30,30,0.8,20,16,7.917151479734173,13.0,1.642004707536111,False,Moderate,0.007360492996556705,196,Mostly consistent,Defer,"{""detector_version"": ""peakaboo-study-1.0"", ""matching_tolerance_samples"": 6, ""minimum_distance"": 22, ""noise_window"": 51, ""perturbation_noise_model"": ""Normal(0, local_sigma * scale)"", ""perturbation_runs"": 30, ""perturbation_scale"": 0.55, ""prominence_floor"": 0.00018, ""segment_overlap_points"": 100, ""segment_points"": 500, ""smooth_window"": 2, ""smoothing_method"": ""moving_average"", ""synthetic_category"": ""clear_unsupported"", ""synthetic_rationale"": ""strong instrument-like spike without a reference interval"", ""synthetic_replicate"": 2, ""weber_boundary"": 15.96}",True,True
SYN-005,SYN-PAIR-07,synthetic,generated_demo,synthetic_5,baseline|peakaboo|peakaboo_recommendation,9.99,8.0,12.0,SYN-005,supported,near_boundary_supported,detectability_vs_stability,Defer,9.86,10.16,0.0743550127655038,0.026906737339693787,0.001987583873757947,13.537409757347,15.96,-2.4225902426530013,1.0,30,30,0.65,20,13,19.49802939620119,inf,inf,False,Low,0.034614837266918164,199,Mostly consistent,Defer,"{""detector_version"": ""peakaboo-study-1.0"", ""matching_tolerance_samples"": 6, ""minimum_distance"": 22, ""noise_window"": 51, ""perturbation_noise_model"": ""Normal(0, local_sigma * scale)"", ""perturbation_runs"": 30, ""perturbation_scale"": 0.55, ""prominence_floor"": 0.00018, ""segment_overlap_points"": 100, ""segment_points"": 500, ""smooth_window"": 2, ""smoothing_method"": ""moving_average"", ""synthetic_category"": ""near_boundary_supported"", ""synthetic_replicate"": 1, ""weber_boundary"": 15.96}",True,True
SYN-006,SYN-PAIR-07,synthetic,generated_demo,synthetic_6,baseline|peakaboo|peakaboo_recommendation,10.05,8.0,12.0,SYN-006,supported,near_boundary_supported,detectability_vs_stability,Defer,9.89,10.19,0.07578924905707196,0.029029680306400095,0.002090365563627707,13.88737013163067,15.96,-2.072629868369331,1.0,30,30,0.65,20,13,21.55458181879206,inf,inf,False,Low,0.012219513347098705,195,Mostly consistent,Defer,"{""detector_version"": ""peakaboo-study-1.0"", ""matching_tolerance_samples"": 6, ""minimum_distance"": 22, ""noise_window"": 51, ""perturbation_noise_model"": ""Normal(0, local_sigma * scale)"", ""perturbation_runs"": 30, ""perturbation_scale"": 0.55, ""prominence_floor"": 0.00018, ""segment_overlap_points"": 100, ""segment_points"": 500, ""smooth_window"": 2, ""smoothing_method"": ""moving_average"", ""synthetic_category"": ""near_boundary_supported"", ""synthetic_replicate"": 2, ""weber_boundary"": 15.96}",True,True
SYN-007,SYN-PAIR-08,synthetic,generated_demo,synthetic_7,baseline|peakaboo|peakaboo_recommendation,10.04,8.0,12.0,SYN-007,unsupported,near_boundary_unsupported,detectability_vs_stability,Reject,,,0.07195750415626467,0.02514538927822424,0.001951375771072568,12.88598005473706,15.96,-3.0740199452629415,1.0,30,30,0.6,20,12,17.07927878224899,38.0,2.224918305068862,False,Low,0.0224618157484059,196,Mostly consistent,Reject,"{""detector_version"": ""peakaboo-study-1.0"", ""matching_tolerance_samples"": 6, ""minimum_distance"": 22, ""noise_window"": 51, ""perturbation_noise_model"": ""Normal(0, local_sigma * scale)"", ""perturbation_runs"": 30, ""perturbation_scale"": 0.55, ""prominence_floor"": 0.00018, ""segment_overlap_points"": 100, ""segment_points"": 500, ""smooth_window"": 2, ""smoothing_method"": ""moving_average"", ""synthetic_category"": ""near_boundary_unsupported"", ""synthetic_replicate"": 1, ""weber_boundary"": 15.96}",True,True
SYN-008,SYN-PAIR-08,synthetic,generated_demo,synthetic_8,baseline|peakaboo|peakaboo_recommendation,10.04,8.0,12.0,SYN-008,unsupported,near_boundary_unsupported,detectability_vs_stability,Defer,,,0.07198031515384312,0.025219002456841486,0.0018639880933306715,13.529594171521373,15.96,-2.4304058284786283,1.0,30,30,0.6,20,12,17.060363096067306,29.0,1.699846588064997,False,Moderate,0.0017161192679425602,196,Mostly consistent,Defer,"{""detector_version"": ""peakaboo-study-1.0"", ""matching_tolerance_samples"": 6, ""minimum_distance"": 22, ""noise_window"": 51, ""perturbation_noise_model"": ""Normal(0, local_sigma * scale)"", ""perturbation_runs"": 30, ""perturbation_scale"": 0.55, ""prominence_floor"": 0.00018, ""segment_overlap_points"": 100, ""segment_points"": 500, ""smooth_window"": 2, ""smoothing_method"": ""moving_average"", ""synthetic_category"": ""near_boundary_unsupported"", ""synthetic_replicate"": 2, ""weber_boundary"": 15.96}",True,True
SYN-009,SYN-PAIR-11,synthetic,generated_demo,synthetic_9,baseline|peakaboo|peakaboo_recommendation,10.01,8.0,12.0,SYN-009,unsupported,stable_unsupported,favorable_algorithm_vs_unsupported_reference,Accept,,,0.06595799027459226,0.01649784113435708,0.000565125299505225,29.193244612492,15.96,13.233244612491998,1.0,30,30,1.0,20,20,22.306383026662076,inf,inf,False,Low,0.009437185401551338,199,Consistent,Accept,"{""detector_version"": ""peakaboo-study-1.0"", ""matching_tolerance_samples"": 6, ""minimum_distance"": 22, ""noise_window"": 51, ""perturbation_noise_model"": ""Normal(0, local_sigma * scale)"", ""perturbation_runs"": 30, ""perturbation_scale"": 0.35, ""prominence_floor"": 0.00018, ""segment_overlap_points"": 100, ""segment_points"": 500, ""smooth_window"": 2, ""smoothing_method"": ""moving_average"", ""synthetic_category"": ""stable_unsupported"", ""synthetic_replicate"": 1, ""weber_boundary"": 15.96}",True,True
SYN-010,SYN-PAIR-11,synthetic,generated_demo,synthetic_10,baseline|peakaboo|peakaboo_recommendation,10.05,8.0,12.0,SYN-010,unsupported,stable_unsupported,favorable_algorithm_vs_unsupported_reference,Accept,,,0.06570180036727843,0.016854570400529338,0.0005919839531337893,28.471329810267424,15.96,12.511329810267423,1.0,30,30,1.0,20,20,25.006379891745638,inf,inf,False,Low,0.003805270372124199,195,Consistent,Accept,"{""detector_version"": ""peakaboo-study-1.0"", ""matching_tolerance_samples"": 6, ""minimum_distance"": 22, ""noise_window"": 51, ""perturbation_noise_model"": ""Normal(0, local_sigma * scale)"", ""perturbation_runs"": 30, ""perturbation_scale"": 0.35, ""prominence_floor"": 0.00018, ""segment_overlap_points"": 100, ""segment_points"": 500, ""smooth_window"": 2, ""smoothing_method"": ""moving_average"", ""synthetic_category"": ""stable_unsupported"", ""synthetic_replicate"": 2, ""weber_boundary"": 15.96}",True,True
SYN-011,SYN-PAIR-12,synthetic,generated_demo,synthetic_11,baseline|peakaboo|peakaboo_recommendation,10.04,8.0,12.0,SYN-011,supported,unstable_supported,unfavorable_algorithm_vs_supported_reference,Reject,9.86,10.16,0.053568852486531336,0.00547792890501065,0.002011946250671607,2.7227014143441273,15.96,-13.237298585655873,0.13333333333333333,30,4,0.0,20,0,1.6991983324419095,3.0,1.7655384558250564,False,Moderate,0.004153456121044704,196,Mostly consistent,Reject,"{""detector_version"": ""peakaboo-study-1.0"", ""matching_tolerance_samples"": 4, ""minimum_distance"": 22, ""noise_window"": 51, ""perturbation_noise_model"": ""Normal(0, local_sigma * scale)"", ""perturbation_runs"": 30, ""perturbation_scale"": 1.0, ""prominence_floor"": 0.00018, ""segment_overlap_points"": 100, ""segment_points"": 500, ""smooth_window"": 2, ""smoothing_method"": ""moving_average"", ""synthetic_category"": ""unstable_supported"", ""synthetic_replicate"": 1, ""weber_boundary"": 15.96}",True,True
SYN-012,SYN-PAIR-12,synthetic,generated_demo,synthetic_12,baseline|peakaboo|peakaboo_recommendation,10.05,8.0,12.0,SYN-012,supported,unstable_supported,unfavorable_algorithm_vs_supported_reference,Reject,9.89,10.19,0.05489638328609932,0.012090729707618722,0.0021084069486961275,5.734533226311595,15.96,-10.225466773688407,0.7,30,21,0.25,20,5,5.396158892542559,6.0,1.1119020250296825,True,Moderate,0.014235573838129038,195,Mostly consistent,Reject,"{""detector_version"": ""peakaboo-study-1.0"", ""matching_tolerance_samples"": 4, ""minimum_distance"": 22, ""noise_window"": 51, ""perturbation_noise_model"": ""Normal(0, local_sigma * scale)"", ""perturbation_runs"": 30, ""perturbation_scale"": 1.0, ""prominence_floor"": 0.00018, ""segment_overlap_points"": 100, ""segment_points"": 500, ""smooth_window"": 2, ""smoothing_method"": ""moving_average"", ""synthetic_category"": ""unstable_supported"", ""synthetic_replicate"": 2, ""weber_boundary"": 15.96}",True,True
SYN-013,SYN-PAIR-05,synthetic,generated_demo,synthetic_13,baseline|peakaboo|peakaboo_recommendation,9.98,8.0,12.0,SYN-013,supported,high_detectability_low_stability,unfavorable_algorithm_vs_supported_reference,Reject,9.86,10.16,0.06265553292548454,0.013346846700194023,0.0006718439365513019,19.86599261256988,15.96,3.9059926125698787,0.5666666666666667,30,17,0.65,20,13,14.829398838767816,7.0,0.4720353182288295,True,High,0.02943788458184162,198,Conflict detected,Reject,"{""detector_version"": ""peakaboo-study-1.0"", ""matching_tolerance_samples"": 1, ""minimum_distance"": 22, ""noise_window"": 51, ""perturbation_noise_model"": ""Normal(0, local_sigma * scale)"", ""perturbation_runs"": 30, ""perturbation_scale"": 1.1, ""prominence_floor"": 0.00018, ""segment_overlap_points"": 100, ""segment_points"": 500, ""smooth_window"": 2, ""smoothing_method"": ""moving_average"", ""synthetic_category"": ""high_detectability_low_stability"", ""synthetic_replicate"": 1, ""weber_boundary"": 15.96}",True,True
SYN-014,SYN-PAIR-05,synthetic,generated_demo,synthetic_14,baseline|peakaboo|peakaboo_recommendation,10.07,8.0,12.0,SYN-014,supported,high_detectability_low_stability,none,Accept,9.89,10.19,0.06255289197180092,0.014147205561206834,0.0006700917768588745,21.112340172880504,15.96,5.152340172880503,0.7,30,21,0.7,20,14,15.924224808235977,inf,inf,False,Low,0.011006673521589006,193,Consistent,Accept,"{""detector_version"": ""peakaboo-study-1.0"", ""matching_tolerance_samples"": 1, ""minimum_distance"": 22, ""noise_window"": 51, ""perturbation_noise_model"": ""Normal(0, local_sigma * scale)"", ""perturbation_runs"": 30, ""perturbation_scale"": 1.1, ""prominence_floor"": 0.00018, ""segment_overlap_points"": 100, ""segment_points"": 500, ""smooth_window"": 2, ""smoothing_method"": ""moving_average"", ""synthetic_category"": ""high_detectability_low_stability"", ""synthetic_replicate"": 2, ""weber_boundary"": 15.96}",True,True
SYN-015,SYN-PAIR-06,synthetic,generated_demo,synthetic_15,baseline|peakaboo|peakaboo_recommendation,10.02,8.0,12.0,SYN-015,supported,low_detectability_high_stability,unfavorable_algorithm_vs_supported_reference,Reject,9.86,10.16,0.055720254701294665,0.0031947334465511137,0.0012678738247402844,2.5197566048701865,15.96,-13.440243395129814,1.0,30,30,0.55,20,11,3.1506270141408095,14.0,4.443559944469613,False,Low,0.01126846775590282,198,Conflict detected,Reject,"{""detector_version"": ""peakaboo-study-1.0"", ""matching_tolerance_samples"": 14, ""minimum_distance"": 22, ""noise_window"": 51, ""perturbation_noise_model"": ""Normal(0, local_sigma * scale)"", ""perturbation_runs"": 30, ""perturbation_scale"": 0.03, ""prominence_floor"": 0.00018, ""segment_overlap_points"": 100, ""segment_points"": 500, ""smooth_window"": 2, ""smoothing_method"": ""moving_average"", ""synthetic_category"": ""low_detectability_high_stability"", ""synthetic_replicate"": 1, ""weber_boundary"": 15.96}",True,True
SYN-016,SYN-PAIR-06,synthetic,generated_demo,synthetic_16,baseline|peakaboo|peakaboo_recommendation,10.01,8.0,12.0,SYN-016,supported,low_detectability_high_stability,unfavorable_algorithm_vs_supported_reference,Reject,9.89,10.19,0.05465645949531973,0.0024086911341332853,0.001343404004588346,1.7929759953919409,15.96,-14.16702400460806,1.0,30,30,0.5,20,10,4.696543363187061,13.0,2.7679931802393147,False,Low,0.114488177807647,199,Conflict detected,Reject,"{""detector_version"": ""peakaboo-study-1.0"", ""matching_tolerance_samples"": 14, ""minimum_distance"": 22, ""noise_window"": 51, ""perturbation_noise_model"": ""Normal(0, local_sigma * scale)"", ""perturbation_runs"": 30, ""perturbation_scale"": 0.03, ""prominence_floor"": 0.00018, ""segment_overlap_points"": 100, ""segment_points"": 500, ""smooth_window"": 2, ""smoothing_method"": ""moving_average"", ""synthetic_category"": ""low_detectability_high_stability"", ""synthetic_replicate"": 2, ""weber_boundary"": 15.96}",True,True
SYN-017,SYN-PAIR-09,synthetic,generated_demo,synthetic_17,baseline|peakaboo|peakaboo_recommendation,9.91,8.0,12.0,SYN-017,supported,overlapping_supported,none,Accept,9.74,10.04,0.06293838773684952,0.013432104531832675,0.0006647210725732674,20.207129073894407,15.96,4.247129073894406,1.0,30,30,0.95,20,19,44.62646958915485,inf,inf,False,Low,0.15254136866174922,191,Consistent,Accept,"{""detector_version"": ""peakaboo-study-1.0"", ""matching_tolerance_samples"": 6, ""minimum_distance"": 22, ""noise_window"": 51, ""perturbation_noise_model"": ""Normal(0, local_sigma * scale)"", ""perturbation_runs"": 30, ""perturbation_scale"": 0.55, ""prominence_floor"": 0.00018, ""segment_overlap_points"": 100, ""segment_points"": 500, ""smooth_window"": 2, ""smoothing_method"": ""moving_average"", ""synthetic_category"": ""overlapping_supported"", ""synthetic_replicate"": 1, ""weber_boundary"": 15.96}",True,True
SYN-018,SYN-PAIR-09,synthetic,generated_demo,synthetic_18,baseline|peakaboo|peakaboo_recommendation,9.94,8.0,12.0,SYN-018,supported,overlapping_supported,none,Accept,9.77,10.07,0.0626111609088024,0.013178020380778407,0.0005965062892879855,22.092005726236735,15.96,6.132005726236734,1.0,30,30,0.95,20,19,43.52210076922037,inf,inf,False,Low,0.14783681689107492,194,Consistent,Accept,"{""detector_version"": ""peakaboo-study-1.0"", ""matching_tolerance_samples"": 6, ""minimum_distance"": 22, ""noise_window"": 51, ""perturbation_noise_model"": ""Normal(0, local_sigma * scale)"", ""perturbation_runs"": 30, ""perturbation_scale"": 0.55, ""prominence_floor"": 0.00018, ""segment_overlap_points"": 100, ""segment_points"": 500, ""smooth_window"": 2, ""smoothing_method"": ""moving_average"", ""synthetic_category"": ""overlapping_supported"", ""synthetic_replicate"": 2, ""weber_boundary"": 15.96}",True,True
SYN-019,SYN-PAIR-04,synthetic,generated_demo,synthetic_19,baseline|peakaboo|peakaboo_recommendation,10.04,8.0,12.0,SYN-019,oversegmented,duplicate_oversegmentation,none,Accept,9.86,10.16,0.0644752913245068,0.015391045706536696,0.0005937644498894,25.921130312672716,15.96,9.961130312672715,1.0,30,30,1.0,20,20,25.29891677554633,inf,inf,False,Low,0.016834025242227265,196,Consistent,Accept,"{""detector_version"": ""peakaboo-study-1.0"", ""matching_tolerance_samples"": 6, ""minimum_distance"": 22, ""noise_window"": 51, ""perturbation_noise_model"": ""Normal(0, local_sigma * scale)"", ""perturbation_runs"": 30, ""perturbation_scale"": 0.55, ""prominence_floor"": 0.00018, ""segment_overlap_points"": 100, ""segment_points"": 500, ""smooth_window"": 2, ""smoothing_method"": ""moving_average"", ""synthetic_category"": ""duplicate_oversegmentation"", ""synthetic_replicate"": 1, ""weber_boundary"": 15.96}",True,True
SYN-020,SYN-PAIR-04,synthetic,generated_demo,synthetic_20,baseline|peakaboo|peakaboo_recommendation,10.01,8.0,12.0,SYN-020,oversegmented,duplicate_oversegmentation,detectability_vs_stability,Accept,9.89,10.19,0.06470420630515279,0.015489021289164948,0.0006102878005123343,25.379863813076565,15.96,9.419863813076564,0.6,30,18,0.75,20,15,26.50789440903344,inf,inf,False,Low,0.04408076080377047,199,Mostly consistent,Accept,"{""detector_version"": ""peakaboo-study-1.0"", ""matching_tolerance_samples"": 6, ""minimum_distance"": 22, ""noise_window"": 51, ""perturbation_noise_model"": ""Normal(0, local_sigma * scale)"", ""perturbation_runs"": 30, ""perturbation_scale"": 0.55, ""prominence_floor"": 0.00018, ""segment_overlap_points"": 100, ""segment_points"": 500, ""smooth_window"": 2, ""smoothing_method"": ""moving_average"", ""synthetic_category"": ""duplicate_oversegmentation"", ""synthetic_replicate"": 2, ""weber_boundary"": 15.96}",True,True
SYN-021,SYN-PAIR-01,synthetic,generated_demo,synthetic_21,baseline|peakaboo|peakaboo_recommendation,9.99,8.0,12.0,SYN-021,supported,baseline_drift,unfavorable_algorithm_vs_supported_reference,Reject,9.86,10.16,0.06696764683258008,0.007233476250154677,0.0010325179087121406,7.005666615672869,15.96,-8.954333384327132,1.0,30,30,0.25,20,5,14.799545673929288,30.0,2.027089254019984,False,Low,0.31652490928499155,199,Conflict detected,Reject,"{""detector_version"": ""peakaboo-study-1.0"", ""matching_tolerance_samples"": 6, ""minimum_distance"": 22, ""noise_window"": 51, ""perturbation_noise_model"": ""Normal(0, local_sigma * scale)"", ""perturbation_runs"": 30, ""perturbation_scale"": 0.55, ""prominence_floor"": 0.00018, ""segment_overlap_points"": 100, ""segment_points"": 500, ""smooth_window"": 2, ""smoothing_method"": ""moving_average"", ""synthetic_category"": ""baseline_drift"", ""synthetic_replicate"": 1, ""weber_boundary"": 15.96}",True,True
SYN-022,SYN-PAIR-01,synthetic,generated_demo,synthetic_22,baseline|peakaboo|peakaboo_recommendation,10.06,8.0,12.0,SYN-022,supported,baseline_drift,unfavorable_algorithm_vs_supported_reference,Reject,9.89,10.19,0.06792768175486287,0.008368561692377957,0.0008985481977929619,9.313425483039882,15.96,-6.6465745169601185,1.0,30,30,0.3,20,6,15.534445885965653,11.0,0.7081037895234985,True,High,0.30994175071250074,194,Mostly consistent,Reject,"{""detector_version"": ""peakaboo-study-1.0"", ""matching_tolerance_samples"": 6, ""minimum_distance"": 22, ""noise_window"": 51, ""perturbation_noise_model"": ""Normal(0, local_sigma * scale)"", ""perturbation_runs"": 30, ""perturbation_scale"": 0.55, ""prominence_floor"": 0.00018, ""segment_overlap_points"": 100, ""segment_points"": 500, ""smooth_window"": 2, ""smoothing_method"": ""moving_average"", ""synthetic_category"": ""baseline_drift"", ""synthetic_replicate"": 2, ""weber_boundary"": 15.96}",True,True
SYN-023,SYN-PAIR-10,synthetic,generated_demo,synthetic_23,baseline|peakaboo|peakaboo_recommendation,10.06,8.0,12.0,SYN-023,supported,parameter_sensitive,unfavorable_algorithm_vs_supported_reference,Reject,9.91,10.21,0.06094477266939485,0.002617104479938112,0.0007193280374281045,3.638262851058998,15.96,-12.321737148941002,0.06666666666666667,30,2,0.0,20,0,4.0548336138105014,11.0,2.7128116829590025,False,Low,0.14700740565765036,194,Mostly consistent,Reject,"{""detector_version"": ""peakaboo-study-1.0"", ""matching_tolerance_samples"": 6, ""minimum_distance"": 22, ""noise_window"": 51, ""perturbation_noise_model"": ""Normal(0, local_sigma * scale)"", ""perturbation_runs"": 30, ""perturbation_scale"": 0.55, ""prominence_floor"": 0.00018, ""segment_overlap_points"": 100, ""segment_points"": 500, ""smooth_window"": 2, ""smoothing_method"": ""moving_average"", ""synthetic_category"": ""parameter_sensitive"", ""synthetic_replicate"": 1, ""weber_boundary"": 15.96}",True,True
SYN-024,SYN-PAIR-10,synthetic,generated_demo,synthetic_24,baseline|peakaboo|peakaboo_recommendation,10.08,8.0,12.0,SYN-024,supported,parameter_sensitive,unfavorable_algorithm_vs_supported_reference,Reject,9.94,10.24,0.06164984041267756,0.002810825232491744,0.0009337448569171092,3.010271177034174,15.96,-12.949728822965827,0.03333333333333333,30,1,0.0,20,0,1.9086704442731275,14.0,7.334948807954939,False,Low,0.12722686880881504,192,Mostly consistent,Reject,"{""detector_version"": ""peakaboo-study-1.0"", ""matching_tolerance_samples"": 6, ""minimum_distance"": 22, ""noise_window"": 51, ""perturbation_noise_model"": ""Normal(0, local_sigma * scale)"", ""perturbation_runs"": 30, ""perturbation_scale"": 0.55, ""prominence_floor"": 0.00018, ""segment_overlap_points"": 100, ""segment_points"": 500, ""smooth_window"": 2, ""smoothing_method"": ""moving_average"", ""synthetic_category"": ""parameter_sensitive"", ""synthetic_replicate"": 2, ""weber_boundary"": 15.96}",True,True
